ConditionKey,Condition,System,UniformHalfWidthNm,UniformFullWidthNm,GagOverlayMode,GagOverlayPointCount,GagMembraneOffsetNmIfFallback,MedianGagMinusMembraneZNm,FractionGagBelowMembrane
k250,k = 250,203,78.92527022321849,157.85054044643698,gsd_gag_com,203,,-8.999923430263397,1.0
k250,k = 250,252,78.92527022321849,157.85054044643698,gsd_gag_com,252,,-8.9993440164152,1.0
k250,k = 250,408,78.92527022321849,157.85054044643698,gsd_gag_com,408,,-8.986509771134893,1.0
k250,k = 250,454,78.92527022321849,157.85054044643698,gsd_gag_com,454,,-9.00249246601727,1.0
rigid,rigid,203,78.92527022321849,157.85054044643698,gsd_gag_com,203,,-8.952635204673268,1.0
rigid,rigid,252,78.92527022321849,157.85054044643698,gsd_gag_com,252,,-8.967839461317501,1.0
rigid,rigid,408,78.92527022321849,157.85054044643698,gsd_gag_com,408,,-8.992228226492847,1.0
rigid,rigid,454,78.92527022321849,157.85054044643698,gsd_gag_com,454,,-8.972952249933027,1.0
